# RMSE,MAPE,Lower quantile,Upper quantile,Integrated confidence interval,Fraction covered
2.742967e-02,1.481342e-02,6.364082e-01,6.597486e-01,1.091581e-02,7.411052e-01
2.298434e-02,1.667394e-02,5.721482e-01,6.018296e-01,1.091581e-02,7.928365e-01
5.891499e-02,2.563925e-02,7.504053e-01,7.794975e-01,1.091581e-02,6.584994e-01
5.690318e-02,3.235663e-02,7.546625e-01,7.917686e-01,1.091581e-02,7.311448e-01
4.046418e-02,2.371050e-02,7.399842e-01,7.607194e-01,1.091581e-02,6.187122e-01
7.051211e-02,2.388545e-02,8.194414e-01,8.505598e-01,1.091581e-02,6.854731e-01
5.989890e-02,2.316814e-02,8.018312e-01,8.200983e-01,1.091581e-02,1.780303e-01
3.617143e-02,2.394304e-02,7.709035e-01,8.115588e-01,1.091581e-02,5.184128e-01
4.044067e-02,2.114416e-02,7.368124e-01,7.573781e-01,1.091581e-02,3.388959e-01
9.917188e-02,3.141274e-02,8.654761e-01,8.944067e-01,1.091581e-02,5.913201e-01
2.322083e-02,1.473060e-02,6.294016e-01,6.666613e-01,1.091581e-02,8.728591e-01
5.658713e-02,2.201657e-02,7.108250e-01,7.334163e-01,1.091581e-02,7.134364e-01
8.914717e-02,2.671228e-02,8.604002e-01,8.831079e-01,1.091581e-02,6.033518e-01
3.035131e-02,1.740940e-02,6.672786e-01,7.058330e-01,1.091581e-02,8.271643e-01
3.090611e-02,2.356368e-02,5.110585e-01,5.346444e-01,1.091581e-02,1.763292e-01
4.661812e-02,1.464971e-02,7.933022e-01,8.084356e-01,1.091581e-02,6.733264e-01
9.995224e-02,2.430836e-02,6.952535e-01,7.113169e-01,1.091581e-02,5.910308e-01
1.398596e-01,4.028753e-02,8.467818e-01,8.888448e-01,1.091581e-02,6.516008e-01
9.759753e-02,3.367015e-02,7.325206e-01,7.704446e-01,1.091581e-02,6.740104e-01
7.073260e-02,4.068643e-02,8.071626e-01,8.449686e-01,1.091581e-02,2.507001e-01
4.999380e-02,3.189014e-02,6.960497e-01,7.218557e-01,1.091581e-02,5.086765e-01
5.832930e-02,2.654139e-02,6.702042e-01,6.879817e-01,1.091581e-02,6.648595e-01
8.893704e-02,4.301187e-02,8.324925e-01,8.700582e-01,1.091581e-02,2.038696e-01
6.318060e-02,3.200981e-02,7.500911e-01,7.711404e-01,1.091581e-02,6.046871e-01
7.317435e-02,2.214321e-02,8.426458e-01,8.613176e-01,1.091581e-02,6.975693e-01
8.377694e-02,5.987648e-02,7.052655e-01,7.319192e-01,1.091581e-02,1.162674e-01
5.171585e-02,2.094623e-02,6.458945e-01,6.806106e-01,1.091581e-02,7.319854e-01
6.064806e-02,2.828422e-02,7.634255e-01,7.850159e-01,1.091581e-02,5.581400e-01
3.450581e-02,2.123438e-02,5.891033e-01,6.069542e-01,1.091581e-02,6.197686e-01
2.376391e-02,1.499847e-02,6.580375e-01,6.799120e-01,1.091581e-02,5.509513e-01
6.681938e-02,2.715449e-02,7.356030e-01,7.604289e-01,1.091581e-02,6.273787e-01
2.942947e-02,1.680111e-02,5.548137e-01,5.806810e-01,1.091581e-02,7.329045e-01
1.339497e-01,2.659275e-02,8.018445e-01,8.240136e-01,1.091581e-02,7.207638e-01
2.849865e-02,1.194020e-02,6.432909e-01,6.613449e-01,1.091581e-02,7.648331e-01
8.773744e-02,3.375683e-02,8.255110e-01,8.563997e-01,1.091581e-02,5.478703e-01
7.029579e-02,2.571884e-02,8.164214e-01,8.403729e-01,1.091581e-02,3.876672e-01
5.574518e-02,2.555850e-02,6.279273e-01,6.607608e-01,1.091581e-02,7.868340e-01
4.447643e-02,1.934878e-02,7.974237e-01,8.228589e-01,1.091581e-02,7.366139e-01
6.079450e-02,2.843400e-02,7.346800e-01,7.690172e-01,1.091581e-02,4.349206e-01
6.698275e-02,2.046238e-02,8.246834e-01,8.500374e-01,1.091581e-02,7.109934e-01
4.400776e-02,2.069292e-02,7.316022e-01,7.523699e-01,1.091581e-02,5.312769e-01
5.345304e-02,2.512234e-02,6.131617e-01,6.433536e-01,1.091581e-02,7.399642e-01
6.344860e-02,3.601158e-02,6.783231e-01,7.034460e-01,1.091581e-02,3.135684e-01
6.932593e-02,3.113443e-02,8.404804e-01,8.792334e-01,1.091581e-02,5.026021e-01
3.340537e-02,2.219320e-02,6.406451e-01,6.652286e-01,1.091581e-02,4.067258e-01
4.016479e-02,1.869857e-02,6.327943e-01,6.579509e-01,1.091581e-02,7.781408e-01
5.482492e-02,2.476666e-02,8.395405e-01,8.684007e-01,1.091581e-02,6.347306e-01
8.706321e-02,3.251081e-02,7.560869e-01,7.881404e-01,1.091581e-02,6.880503e-01
3.868762e-02,1.954700e-02,7.330522e-01,7.657335e-01,1.091581e-02,7.762290e-01
6.200216e-02,2.865896e-02,6.406605e-01,6.706254e-01,1.091581e-02,3.347184e-01
1.148671e-01,5.521846e-02,8.186923e-01,8.525624e-01,1.091581e-02,3.349462e-01
1.584914e-01,8.681890e-02,6.606482e-01,6.975176e-01,1.091581e-02,2.113959e-01
4.899771e-02,1.809315e-02,7.467437e-01,7.758280e-01,1.091581e-02,7.549143e-01
7.961845e-02,3.581091e-02,6.285490e-01,6.558613e-01,1.091581e-02,7.016844e-01
1.197199e-01,3.663966e-02,8.371795e-01,8.594238e-01,1.091581e-02,4.870117e-01
4.031332e-02,2.225431e-02,7.327946e-01,7.540601e-01,1.091581e-02,5.375331e-01
5.592749e-02,2.665276e-02,6.033454e-01,6.279932e-01,1.091581e-02,7.349662e-01
6.996240e-02,2.911504e-02,6.062777e-01,6.585444e-01,1.091581e-02,8.225981e-01
2.453152e-02,1.402769e-02,5.938972e-01,6.123959e-01,1.091581e-02,6.373465e-01
4.869594e-02,3.191741e-02,4.751459e-01,5.081894e-01,1.091581e-02,3.769701e-01
4.940500e-02,2.056199e-02,6.562392e-01,6.819264e-01,1.091581e-02,8.124842e-01
8.443307e-02,4.841140e-02,6.496507e-01,6.872129e-01,1.091581e-02,3.217045e-01
2.421319e-02,1.240238e-02,6.514143e-01,6.683937e-01,1.091581e-02,6.688374e-01
5.391311e-02,2.109617e-02,7.962499e-01,8.135027e-01,1.091581e-02,5.790169e-01
3.288702e-02,2.078724e-02,7.225540e-01,7.408304e-01,1.091581e-02,4.308796e-01
3.628282e-02,1.537226e-02,6.949669e-01,7.178082e-01,1.091581e-02,6.997882e-01
7.919888e-02,3.430518e-02,7.203451e-01,7.534676e-01,1.091581e-02,4.221626e-01
3.820002e-02,1.998878e-02,7.794108e-01,8.005221e-01,1.091581e-02,6.484768e-01
7.122144e-02,3.804821e-02,7.667779e-01,7.910593e-01,1.091581e-02,2.843417e-01
7.095312e-02,3.595036e-02,7.485363e-01,7.729026e-01,1.091581e-02,2.164984e-01
5.372410e-02,3.038513e-02,5.418509e-01,5.771812e-01,1.091581e-02,8.013213e-01
3.929199e-02,1.790632e-02,6.524034e-01,6.699345e-01,1.091581e-02,6.604164e-01
1.038457e-01,4.394761e-02,7.993662e-01,8.213158e-01,1.091581e-02,1.541294e-01
3.814109e-02,1.640238e-02,6.536838e-01,6.743323e-01,1.091581e-02,7.330618e-01
7.049685e-02,2.379892e-02,6.724304e-01,7.121258e-01,1.091581e-02,7.580814e-01
3.926364e-02,2.198951e-02,7.753924e-01,7.950150e-01,1.091581e-02,6.098661e-01
4.259828e-02,2.261150e-02,7.094421e-01,7.291704e-01,1.091581e-02,6.143322e-01
6.302998e-02,3.085480e-02,7.392846e-01,7.832376e-01,1.091581e-02,7.464281e-01
4.275018e-02,2.835708e-02,5.206428e-01,5.527400e-01,1.091581e-02,6.595388e-01
3.797705e-02,2.255642e-02,7.282878e-01,7.556814e-01,1.091581e-02,6.621524e-01
7.220476e-02,3.143106e-02,7.854961e-01,8.183557e-01,1.091581e-02,6.533100e-01
4.770123e-02,2.001728e-02,7.705805e-01,7.909352e-01,1.091581e-02,4.539725e-01
3.976201e-02,1.794953e-02,5.575768e-01,5.812105e-01,1.091581e-02,7.429465e-01
4.155001e-02,1.781566e-02,6.481585e-01,6.823692e-01,1.091581e-02,8.406493e-01
7.059273e-02,2.812580e-02,7.213901e-01,7.394885e-01,1.091581e-02,6.785425e-01
4.258215e-02,1.747373e-02,6.893156e-01,7.026600e-01,1.091581e-02,6.255463e-01
9.025858e-02,6.120014e-02,7.207572e-01,7.534403e-01,1.091581e-02,1.428716e-01
5.336279e-02,2.369205e-02,6.186869e-01,6.505474e-01,1.091581e-02,7.612306e-01
5.579658e-02,2.689647e-02,6.935841e-01,7.208728e-01,1.091581e-02,4.825998e-01
6.260147e-02,2.311858e-02,7.947832e-01,8.193790e-01,1.091581e-02,5.358052e-01
5.216273e-02,2.335903e-02,7.679676e-01,7.860512e-01,1.091581e-02,6.252614e-01
1.238428e-01,2.877853e-02,7.985249e-01,8.186138e-01,1.091581e-02,5.805867e-01
9.178758e-02,3.352486e-02,7.753297e-01,7.990084e-01,1.091581e-02,3.388669e-01
4.278538e-02,2.212604e-02,7.274370e-01,7.588531e-01,1.091581e-02,7.051260e-01
8.158848e-02,3.522302e-02,8.683860e-01,8.993014e-01,1.091581e-02,2.438653e-01
6.969352e-02,2.504437e-02,7.395101e-01,7.603479e-01,1.091581e-02,3.505915e-01
3.974459e-02,2.145437e-02,7.185540e-01,7.375069e-01,1.091581e-02,5.995067e-01
2.829836e-02,1.669845e-02,7.445854e-01,7.622691e-01,1.091581e-02,6.820234e-01
5.420881e-02,2.735879e-02,7.764447e-01,8.023158e-01,1.091581e-02,6.856422e-01
5.706928e-02,2.973445e-02,6.530441e-01,6.843201e-01,1.091581e-02,5.227290e-01
