$k_{\rm{s}}$,$k_{\rm{c}}$,$h_{\rm{b}}$,$r_{\rm{b}}$,$l_{\rm{c}}$,$A$,$\omega$,$e_{\rm{v}}$
9.638517e-02,2.949271e-01,5.230118e-02,2.391034e+01,4.613636e+00,4.283159e-24,1.819948e-03,4.383321e-04
9.813391e-01,1.322245e-01,4.842239e-01,5.882984e+01,8.263982e+01,2.151328e-24,4.253116e-04,1.286694e-04
2.889533e-01,1.605235e-01,1.270116e-01,1.754005e+01,1.044551e+01,1.507273e-24,1.091034e-03,6.102949e-05
2.837839e-02,7.229643e-02,2.648264e-01,4.052882e+01,1.909534e+00,7.044067e-24,2.549686e-04,1.799507e-04
1.505510e-02,2.340955e-01,6.879944e-01,4.889972e+01,1.164239e+00,3.226572e-24,6.760329e-04,8.416080e-05
1.478187e-01,5.134190e-02,7.428850e-02,1.214402e+01,2.125946e+01,2.907767e-24,2.691918e-04,2.140666e-04
4.348844e-01,4.300890e-01,3.762702e-01,8.573759e+01,5.513478e+01,1.135248e-24,1.280903e-03,3.701389e-04
4.426424e-02,9.389761e-02,1.804071e-01,1.963975e+01,9.909163e+00,9.521823e-24,5.100473e-04,9.457161e-05
3.384042e-02,1.853597e-01,4.228296e-01,1.000228e+01,6.721620e+01,5.947466e-24,8.212648e-04,6.902351e-05
3.206001e-01,8.348235e-02,2.028646e-01,4.447066e+01,3.681500e+00,1.577471e-24,3.412966e-04,2.702041e-04
1.090191e-01,3.405468e-01,9.323299e-01,2.341297e+01,3.132574e+00,1.947568e-24,1.347421e-03,2.932390e-04
1.150492e-02,1.526769e-01,1.007381e-01,9.601334e+01,1.742726e+01,5.550227e-24,5.599538e-04,1.153118e-04
2.074237e-02,4.967018e-01,1.362072e-01,6.529074e+01,2.612462e+01,7.896161e-24,1.730095e-03,4.153549e-04
2.188391e-01,1.084410e-01,2.841878e-01,2.876156e+01,1.458287e+00,1.166937e-24,3.874035e-04,1.408755e-04
7.435315e-01,2.703435e-01,6.763751e-02,3.587669e+01,6.037440e+00,2.585429e-24,8.980844e-04,5.574162e-05
7.042025e-02,5.929179e-02,6.266274e-01,1.484180e+01,3.303056e+01,4.106532e-24,2.010994e-04,1.899055e-04
6.142344e-02,2.511711e-01,2.206438e-01,7.725976e+01,2.183521e+00,1.290314e-24,4.467050e-04,5.080854e-05
6.486420e-01,6.325679e-02,4.674432e-01,1.889476e+01,1.217501e+01,8.113411e-24,1.985942e-03,1.989023e-04
1.906701e-01,4.635451e-01,9.047577e-02,5.511306e+01,9.642958e+01,3.666167e-24,2.315649e-04,3.983671e-04
1.807465e-02,1.172608e-01,8.633408e-01,1.242879e+01,5.269778e+00,2.478298e-24,1.029481e-03,1.566492e-04
1.324787e-02,3.669696e-01,3.141661e-01,1.593450e+01,8.641892e+00,1.775351e-24,2.964126e-04,3.060947e-04
1.255463e-01,1.429527e-01,1.481477e-01,3.858947e+01,4.738667e+01,6.223556e-24,7.164624e-04,1.038161e-04
3.695643e-01,1.988335e-01,5.802470e-01,2.674359e+01,1.825099e+01,5.046584e-24,4.856138e-04,7.563878e-05
3.901634e-02,7.711276e-02,6.074847e-02,6.080635e+01,1.016507e+00,1.900286e-24,1.173783e-03,2.576977e-04
5.125504e-02,4.014481e-01,5.407274e-01,3.270366e+01,1.498557e+01,3.046172e-24,3.132108e-04,3.344851e-04
5.036462e-01,1.015528e-01,5.664600e-02,1.411535e+01,2.733299e+00,3.627236e-24,7.830362e-04,9.818421e-05
1.709757e-01,2.175167e-01,2.427757e-01,7.311272e+01,3.215933e+00,9.301109e-24,5.925976e-04,7.997748e-05
1.741573e-02,5.478099e-02,1.145538e-01,2.962647e+01,5.773269e+01,1.031073e-24,1.481512e-03,2.358249e-04
2.439484e-02,1.721734e-01,8.046161e-02,2.112067e+01,3.851853e+01,2.213006e-24,3.660550e-04,6.429291e-05
2.484137e-01,6.677348e-02,7.682589e-01,9.206428e+01,6.907116e+00,4.730683e-24,1.573416e-03,1.635348e-04
8.444865e-01,3.177549e-01,1.627155e-01,1.131099e+01,1.666502e+00,6.759782e-24,2.191447e-04,4.845215e-04
8.295971e-02,1.237809e-01,3.449329e-01,4.546355e+01,3.049895e+01,1.344128e-24,9.419506e-04,1.237946e-04
7.854793e-02,1.640947e-01,9.952015e-01,6.331655e+01,8.801161e+00,1.052527e-24,2.457181e-04,1.017202e-04
7.714947e-01,7.524634e-02,1.036393e-01,2.568306e+01,5.002697e+01,8.749592e-24,9.784345e-04,3.450005e-04
2.623090e-01,2.830863e-01,4.104113e-01,3.773041e+01,2.306574e+01,3.447229e-24,4.742571e-04,2.296676e-04
2.670822e-02,1.292198e-01,1.903356e-01,1.629698e+01,1.331706e+00,3.078163e-24,1.888463e-03,7.824587e-05
1.592038e-02,4.132425e-01,6.960290e-02,1.305916e+01,1.925765e+00,1.410164e-24,4.918216e-04,1.673302e-04
1.621492e-01,9.185746e-02,6.686551e-01,5.245145e+01,1.113097e+01,6.649327e-24,1.149358e-03,6.550364e-05
5.505320e-01,2.395303e-01,1.278272e-01,1.830938e+01,7.914184e+01,4.616469e-24,3.000011e-04,1.198782e-04
5.408730e-02,5.348752e-02,2.757467e-01,7.972867e+01,4.483385e+00,2.340190e-24,7.010851e-04,4.714068e-04
3.969467e-02,3.269322e-01,1.192095e-01,4.776857e+01,3.519566e+01,2.418559e-24,6.235154e-04,2.042061e-04
4.189984e-01,1.492336e-01,2.569517e-01,1.076531e+01,6.088331e+00,3.877020e-24,1.396176e-03,5.194023e-05
1.233563e-01,1.895034e-01,5.382772e-02,8.921044e+01,1.417017e+00,8.511975e-24,3.293784e-04,1.511825e-04
1.168889e-02,8.689776e-02,5.166944e-01,2.179675e+01,2.501706e+01,1.269224e-24,7.375446e-04,3.862793e-04
2.050225e-02,2.765912e-01,3.652237e-01,3.085113e+01,1.581164e+01,1.805942e-24,2.238015e-04,1.071928e-04
1.943314e-01,6.176307e-02,1.692437e-01,7.021214e+01,2.782108e+00,5.099470e-24,9.300627e-04,3.146545e-04
5.713207e-01,4.771629e-01,7.344141e-01,1.380185e+01,4.210762e+00,6.353417e-24,3.740834e-04,2.518173e-04
6.032184e-02,1.060660e-01,7.642013e-02,3.344702e+01,7.292200e+01,1.670175e-24,1.554596e-03,7.425113e-05
6.923563e-02,4.412683e-01,2.304420e-01,2.026729e+01,1.143192e+00,5.250094e-24,1.067657e-03,2.770975e-04
6.556191e-01,1.136520e-01,1.099059e-01,8.308125e+01,2.013706e+01,1.995195e-24,2.580643e-04,7.048163e-05
2.227847e-01,2.592561e-01,5.627964e-01,1.155760e+01,4.362673e+01,1.603220e-24,1.782015e-03,1.114129e-04
2.350207e-02,6.647825e-02,5.976795e-02,5.138026e+01,7.563640e+00,5.670514e-24,4.307324e-04,2.846610e-04
1.013989e-02,2.051546e-01,1.560315e-01,4.145091e+01,5.231239e+00,4.062703e-24,1.217988e-03,1.456212e-04
1.069962e-01,8.100852e-02,3.275514e-01,1.714960e+01,9.038959e+01,2.721181e-24,5.414882e-04,4.274504e-04
3.638898e-01,3.491745e-01,8.485149e-02,5.649657e+01,1.272743e+01,1.240850e-24,6.425331e-04,1.853635e-04
3.446844e-02,1.384897e-01,7.999618e-01,2.489722e+01,2.244432e+00,7.733050e-24,2.856549e-04,5.465751e-05
4.676320e-02,2.244951e-01,9.542830e-02,1.517920e+01,2.859061e+01,7.489740e-24,1.331257e-03,1.331535e-04
4.758906e-01,5.756465e-02,8.989164e-01,3.507991e+01,1.654431e+00,1.476040e-24,5.722153e-04,4.516041e-04
1.400266e-01,3.820889e-01,2.116116e-01,2.762036e+01,7.100294e+00,2.128433e-24,8.109279e-04,1.754494e-04
1.374708e-02,9.840991e-02,4.438525e-01,6.798914e+01,4.026907e+01,4.508193e-24,3.485619e-04,5.977530e-05
3.103547e-02,3.023997e-01,6.039776e-01,9.908642e+01,6.370335e+01,9.677378e-24,8.459394e-04,2.192811e-04
3.047703e-01,1.199375e-01,6.408697e-02,2.268718e+01,3.616981e+00,1.082398e-24,2.114871e-04,8.584213e-05
8.975204e-01,1.776658e-01,2.982224e-01,4.232547e+01,2.392432e+00,2.750394e-24,1.630386e-03,9.147676e-05
9.136439e-02,7.015424e-02,1.421124e-01,1.050949e+01,1.379750e+01,3.305317e-24,4.076010e-04,3.597156e-04
8.815284e-02,2.381847e-01,2.918868e-01,3.401418e+01,5.090143e+01,7.991039e-24,4.753307e-04,2.914626e-04
9.302061e-01,5.223501e-02,1.385636e-01,1.511860e+01,9.294637e+00,1.191966e-24,1.191016e-03,1.140750e-04
3.160040e-01,4.081110e-01,6.464363e-01,6.886948e+01,1.261088e+00,2.623122e-24,2.895463e-04,6.945907e-05
2.993206e-02,8.910588e-02,6.890813e-02,2.823447e+01,2.266465e+01,4.202873e-24,7.255038e-04,2.730775e-04
1.425767e-02,2.898665e-01,1.968062e-01,2.217168e+01,1.133990e+01,5.860336e-24,2.369220e-04,5.533779e-05
1.350138e-01,1.299647e-01,4.146997e-01,9.769714e+01,2.031175e+00,1.540013e-24,1.016076e-03,1.876707e-04
4.593036e-01,1.691662e-01,9.787237e-02,1.056208e+01,4.249825e+00,1.922816e-24,4.566197e-04,4.184167e-04
4.845215e-02,7.618382e-02,9.184282e-01,4.370653e+01,7.768933e+01,5.432161e-24,1.958282e-03,1.425438e-04
3.573814e-02,4.713211e-01,7.568409e-02,8.128554e+01,6.422944e+00,3.178409e-24,2.163071e-04,5.851202e-05
3.509570e-01,1.029067e-01,7.097428e-01,2.000543e+01,3.585378e+01,2.839520e-24,9.638134e-04,1.717417e-04
1.032374e-01,2.750657e-01,1.835281e-01,5.157891e+01,2.455621e+01,1.121135e-24,3.610377e-04,4.572249e-04
1.050902e-02,6.032329e-02,3.864641e-01,1.192141e+01,1.343482e+00,9.316653e-24,1.608699e-03,1.348109e-04
2.268262e-02,1.953402e-01,4.770035e-01,1.661005e+01,2.937894e+00,4.335843e-24,6.011786e-04,3.544968e-04
2.308361e-01,8.797089e-02,5.081338e-02,4.123867e+01,1.609143e+01,2.196854e-24,1.449852e-03,9.014967e-05
6.799793e-01,3.347031e-01,2.597346e-01,2.524774e+01,7.166908e+01,1.528818e-24,3.171426e-04,8.789321e-05
6.675563e-02,1.500678e-01,1.232185e-01,5.781819e+01,3.987193e+00,7.211350e-24,7.648472e-04,2.245207e-04
5.817003e-02,3.607647e-01,7.890855e-01,1.110253e+01,1.976645e+01,2.266834e-24,1.263247e-03,7.939781e-05
5.924520e-01,1.405453e-01,8.185219e-02,4.796057e+01,1.083848e+00,4.801002e-24,5.214437e-04,2.330485e-04
2.013768e-01,2.096032e-01,3.558430e-01,2.151836e+01,7.979477e+00,6.906711e-24,6.673201e-04,3.369497e-04
1.978471e-02,8.128412e-02,1.657694e-01,8.726950e+01,4.444171e+01,1.361427e-24,2.754567e-04,9.934638e-05
1.211638e-02,2.554891e-01,5.495588e-02,7.184381e+01,8.883810e+01,2.982211e-24,1.104643e-03,4.815847e-04
1.190046e-01,6.433967e-02,5.303155e-01,3.129006e+01,4.953402e+00,3.584158e-24,2.490263e-04,1.224662e-04
4.041618e-01,4.397299e-01,1.112983e-01,3.328070e+01,2.370153e+00,9.087913e-24,1.846414e-03,6.469840e-05
4.115236e-02,1.112446e-01,2.391489e-01,1.336559e+01,1.295241e+01,1.016253e-24,4.162483e-04,1.652730e-04
5.604942e-02,1.814997e-01,1.509282e-01,2.625061e+01,1.566671e+00,1.738562e-24,8.773500e-04,3.815308e-04
5.312574e-01,7.038530e-02,3.241029e-01,6.414466e+01,2.809393e+01,6.147914e-24,2.036533e-04,1.493239e-04
1.563616e-01,3.123818e-01,6.179832e-02,1.623404e+01,4.097224e+01,4.929523e-24,1.693354e-03,5.306164e-05
1.650944e-02,1.216966e-01,5.959772e-01,3.657923e+01,7.498536e+00,1.873500e-24,3.930669e-04,2.086147e-04
2.576283e-02,3.808243e-01,4.604599e-01,5.415581e+01,3.428496e+00,1.321327e-24,1.377437e-03,7.251842e-05
2.719356e-01,9.634218e-02,2.143733e-01,1.312629e+01,6.253527e+01,8.236326e-24,5.521987e-04,2.459406e-04
7.997001e-01,2.212559e-01,8.467172e-01,7.862122e+01,1.405623e+01,3.746907e-24,8.402125e-04,3.192869e-04
7.577861e-02,5.571884e-02,8.777624e-02,1.789105e+01,2.523431e+00,2.509487e-24,3.368317e-04,1.087708e-04
8.597980e-02,4.210187e-01,1.739556e-01,1.404309e+01,8.419520e+01,1.828673e-24,6.519207e-04,1.529935e-04
8.148200e-01,9.359265e-02,3.712712e-01,3.167474e+01,4.866589e+00,5.211764e-24,2.795863e-04,3.890709e-04
2.395849e-01,2.266070e-01,7.889287e-02,3.031955e+01,1.810149e+00,6.449683e-24,1.233445e-03,2.018303e-04
2.529346e-02,5.059801e-02,7.476703e-01,7.414201e+01,1.025467e+01,1.710315e-24,5.289819e-04,5.155653e-05
1.679189e-02,1.610622e-01,2.494610e-01,9.087464e+01,2.163226e+01,2.384473e-24,1.758687e-03,2.545295e-04
1.773283e-01,7.385068e-02,1.168317e-01,2.066419e+01,1.229628e+00,3.787080e-24,4.406663e-04,7.470892e-05
5.218483e-01,2.992343e-01,5.023677e-01,4.689458e+01,9.384209e+00,8.408538e-24,1.052861e-03,1.060575e-04
4.946796e-02,1.366000e-01,5.298585e-02,1.135474e+01,5.418090e+01,1.242921e-24,2.638106e-04,3.127034e-04
3.762917e-02,2.616675e-01,6.807240e-01,1.862981e+01,3.887452e+00,1.389898e-24,1.668345e-03,2.409161e-04
3.831862e-01,5.842666e-02,7.185509e-02,7.550434e+01,6.839973e+01,6.496900e-24,4.023515e-04,8.170420e-05
1.301184e-01,4.861426e-01,2.803128e-01,1.283432e+01,1.712697e+01,4.561652e-24,8.648483e-04,9.697713e-05
1.278220e-02,1.080695e-01,1.313858e-01,5.538892e+01,2.965997e+00,2.291048e-24,2.085737e-04,3.303732e-04
1.872747e-02,3.455801e-01,1.020184e-01,3.843545e+01,1.538350e+00,1.066075e-24,7.936544e-04,1.256170e-04
1.840245e-01,1.577573e-01,9.676064e-01,1.545040e+01,2.661072e+01,8.939752e-24,3.536341e-04,4.916545e-04
6.254209e-01,1.860016e-01,1.865389e-01,6.215839e+01,3.242029e+01,3.498477e-24,1.300242e-03,1.597184e-04
6.370479e-02,8.528592e-02,3.984471e-01,2.708986e+01,5.723618e+00,3.153029e-24,5.793578e-04,6.279257e-05
7.302586e-02,2.013050e-01,6.587306e-02,4.469920e+01,1.196501e+01,9.907176e-24,3.067259e-04,1.773401e-04
7.169926e-01,7.948296e-02,6.139610e-01,1.032731e+01,2.067447e+00,1.097872e-24,6.914698e-04,6.014405e-05
2.111773e-01,3.689918e-01,1.467149e-01,9.381957e+01,5.564485e+00,2.808591e-24,5.032323e-04,1.317439e-04
2.149484e-02,1.463595e-01,3.035967e-01,2.308779e+01,9.812922e+01,3.345980e-24,1.134466e-03,4.488053e-04
1.109929e-02,4.497101e-01,8.727261e-01,2.913775e+01,4.651035e+01,7.328340e-24,4.632367e-04,9.257305e-05
1.130046e-01,1.158345e-01,9.352321e-02,6.673347e+01,8.192834e+00,1.457694e-24,1.912153e-03,3.623164e-04
3.323662e-01,2.453310e-01,4.315529e-01,1.438897e+01,1.072296e+00,2.078473e-24,2.404650e-04,2.167312e-04
3.264259e-02,6.290297e-02,2.082985e-01,3.573808e+01,1.859091e+01,4.440910e-24,9.925935e-04,8.520827e-05
4.271506e-02,3.195611e-01,3.334540e-01,5.966687e+01,2.591086e+00,3.976271e-24,3.788076e-04,1.167471e-04
4.506506e-01,1.267534e-01,1.610849e-01,2.446597e+01,1.471154e+01,2.686603e-24,1.518598e-03,2.968887e-04
1.532861e-01,1.743322e-01,8.131852e-01,3.924779e+01,5.882033e+01,1.211383e-24,2.270892e-04,2.644940e-04
1.451806e-02,6.883302e-02,8.721623e-02,1.745280e+01,3.392194e+00,7.619779e-24,9.103757e-04,6.756476e-05
2.942053e-02,2.124364e-01,1.081852e-01,1.219281e+01,6.541314e+00,5.373252e-24,3.247939e-04,1.944432e-04
2.787217e-01,5.446893e-02,2.240561e-01,5.043157e+01,3.785146e+01,2.024288e-24,7.539212e-04,5.707347e-05
9.467191e-01,3.893990e-01,5.857474e-02,1.921243e+01,3.103431e+01,1.637604e-24,6.154015e-04,1.388318e-04
9.991018e-02,1.002996e-01,5.463993e-01,8.464266e+01,1.760069e+00,5.738662e-24,1.428488e-03,4.093287e-04
9.818811e-02,1.925220e-01,1.129878e-01,2.356516e+01,2.230731e+01,3.069854e-24,2.261770e-04,3.246684e-04
9.644030e-01,8.631945e-02,2.355863e-01,9.529297e+01,1.263530e+00,3.402594e-24,9.378224e-04,1.100480e-04
2.836272e-01,3.276932e-01,5.610644e-02,1.016979e+01,8.983782e+00,8.705113e-24,3.709882e-04,7.200113e-05
2.887881e-02,1.475759e-01,5.194583e-01,4.379060e+01,5.193373e+01,1.036707e-24,1.538269e-03,2.451450e-04
1.477345e-02,4.782021e-01,3.507502e-01,3.645780e+01,7.508775e+01,2.354452e-24,6.283421e-04,5.338370e-05
1.504675e-01,1.048722e-01,1.681706e-01,1.462265e+01,4.335823e+00,4.682289e-24,1.410153e-03,2.090531e-04
4.428947e-01,2.809600e-01,7.733902e-01,6.568092e+01,1.999099e+00,6.675792e-24,3.261138e-04,3.756218e-04
4.351256e-02,6.134395e-02,8.350854e-02,2.856051e+01,1.136156e+01,1.426862e-24,7.318790e-04,1.477596e-04
3.207779e-02,2.837854e-01,8.293914e-01,1.772378e+01,1.371162e+00,1.277139e-24,4.967446e-04,6.518267e-05
3.385971e-01,1.278023e-01,8.961499e-02,4.006634e+01,2.374910e+01,8.632120e-24,1.158257e-03,1.656670e-04
1.149854e-01,1.667321e-01,4.535953e-01,2.397117e+01,3.594465e+01,3.891904e-24,2.976963e-04,4.739925e-04
1.089570e-02,7.475600e-02,2.176250e-01,5.875054e+01,6.323677e+00,2.447543e-24,6.941369e-04,1.210131e-04
2.187140e-02,2.432797e-01,6.304965e-02,8.600818e+01,3.997474e+00,1.665433e-24,2.477685e-04,3.419556e-04
2.073092e-01,5.311704e-02,5.841290e-01,1.960141e+01,7.056452e+01,6.272036e-24,9.888188e-04,1.004283e-04
7.046054e-01,4.140848e-01,1.531125e-01,4.944118e+01,1.642339e+01,5.074260e-24,4.692766e-04,7.889789e-05
7.439421e-02,9.081069e-02,3.194611e-01,1.199840e+01,2.841407e+00,1.778547e-24,1.872835e-03,2.327519e-04
6.482823e-02,3.882348e-01,9.705919e-02,7.297005e+01,4.455555e+01,5.693083e-24,8.546473e-04,8.845008e-05
6.138843e-01,9.776916e-02,9.261546e-01,2.971995e+01,7.856082e+00,1.622205e-24,2.131844e-04,2.248067e-04
1.808468e-01,2.250463e-01,1.962820e-01,3.231150e+01,1.106188e+00,2.007354e-24,1.617406e-03,3.493074e-04
1.907788e-02,5.693298e-02,4.158312e-01,1.427165e+01,1.911627e+01,5.324947e-24,4.034480e-04,8.917856e-05
1.256181e-02,1.780285e-01,6.522623e-01,1.118193e+01,1.321996e+01,7.693739e-24,1.341234e-03,4.645483e-04
1.325519e-01,6.935578e-02,6.828874e-02,4.593974e+01,2.292292e+00,1.222199e-24,5.778009e-04,1.364297e-04
3.899403e-01,3.071316e-01,2.928570e-01,2.109219e+01,4.966220e+00,2.713836e-24,8.030887e-04,5.807734e-05
3.693603e-02,1.191053e-01,1.380998e-01,9.229854e+01,8.746662e+01,4.010099e-24,3.459691e-04,1.713333e-04
5.033682e-02,2.598564e-01,2.604400e-01,5.429926e+01,7.247559e+00,4.485906e-24,1.229878e-03,4.249991e-04
5.122574e-01,6.573945e-02,1.228889e-01,1.263011e+01,4.180355e+01,2.096146e-24,5.455457e-04,1.440529e-04
1.742535e-01,4.483036e-01,4.810224e-01,7.671975e+01,2.765076e+01,1.471849e-24,6.377542e-04,5.500392e-05
1.710735e-02,1.128960e-01,5.039172e-02,1.900767e+01,1.569747e+00,7.393802e-24,2.828931e-04,1.872770e-04
2.485554e-02,3.546886e-01,1.829117e-01,2.654293e+01,2.483516e+00,3.318006e-24,1.076224e-03,6.995814e-05
2.440838e-01,1.375480e-01,3.877441e-01,6.120165e+01,1.408321e+01,2.783354e-24,2.607210e-04,2.739639e-04
8.291243e-01,2.056025e-01,7.500463e-02,1.569083e+01,6.044061e+01,1.089148e-24,1.763856e-03,2.866313e-04
8.440181e-02,8.009769e-02,7.161478e-01,3.923568e+01,3.497966e+00,9.813975e-24,4.273036e-04,1.127510e-04
7.719227e-02,3.382359e-01,4.402532e-01,8.864002e+01,1.009043e+01,7.024035e-24,1.713370e-03,1.373363e-04
7.859271e-01,1.550885e-01,2.041751e-01,2.196328e+01,1.813767e+00,1.487960e-24,3.845216e-04,4.033366e-04
2.669342e-01,1.832733e-01,8.852812e-01,4.698567e+01,4.703870e+00,2.140703e-24,9.048153e-04,1.946908e-04
2.621595e-02,8.366417e-02,9.219159e-02,1.093318e+01,8.588233e+01,4.218206e-24,2.030625e-04,5.743507e-05
1.620565e-02,2.673405e-01,1.436990e-01,1.358265e+01,5.237161e+01,9.581240e-24,8.147259e-04,2.638650e-04
1.591159e-01,5.942980e-02,3.099863e-01,3.395093e+01,9.572673e+00,1.151277e-24,3.378191e-04,6.706283e-05
5.411824e-01,4.933962e-01,6.488467e-02,3.067018e+01,1.209965e+00,2.918917e-24,1.361292e-03,1.181490e-04
5.508361e-02,1.101684e-01,6.233348e-01,7.071066e+01,2.167606e+01,3.265224e-24,5.644479e-04,3.016439e-04
4.192298e-02,1.586943e-01,5.774141e-02,3.734212e+01,3.027876e+00,5.584077e-24,6.691440e-04,2.162765e-04
3.971738e-01,7.244379e-02,5.542660e-01,1.648609e+01,1.656302e+01,1.975344e-24,2.670488e-04,8.469418e-05
1.168243e-01,2.928843e-01,1.060423e-01,6.315956e+01,6.857250e+01,1.583742e-24,1.291182e-03,9.355312e-05
1.232858e-02,1.342943e-01,2.285706e-01,2.571972e+01,3.828279e+00,6.017867e-24,5.152983e-04,3.680163e-04
1.942207e-02,4.272863e-01,8.256093e-01,1.825328e+01,5.737823e+00,4.095429e-24,1.806411e-03,1.302149e-04
2.049088e-01,9.540682e-02,8.590868e-02,7.988960e+01,3.192540e+01,2.551942e-24,4.211995e-04,4.413659e-04
6.035623e-01,2.315274e-01,3.404685e-01,1.291699e+01,2.716517e+01,1.161010e-24,1.101686e-03,1.779158e-04
5.716376e-02,5.146869e-02,1.577716e-01,5.309228e+01,1.487657e+00,7.777508e-24,2.568792e-04,6.057619e-05
6.552572e-02,2.160075e-01,5.006316e-01,2.767610e+01,9.837451e+01,2.487801e-24,3.624267e-04,1.592018e-04
6.919605e-01,5.563820e-02,5.316656e-02,6.778086e+01,5.479831e+00,3.710086e-24,1.561329e-03,6.234465e-05
2.351505e-01,3.968790e-01,2.471976e-01,1.536467e+01,2.110561e+00,8.164041e-24,2.208412e-04,1.270920e-04
2.229121e-02,1.017602e-01,1.178974e-01,3.469796e+01,1.157134e+01,1.308532e-24,9.513806e-04,4.999413e-04
1.070572e-02,3.142681e-01,7.910041e-02,4.281660e+01,1.897776e+01,1.890900e-24,3.106191e-04,9.596124e-05
1.014551e-01,1.240848e-01,7.457342e-01,1.040133e+01,1.036971e+00,4.970052e-24,7.748119e-04,3.252565e-04
3.444879e-01,1.710524e-01,1.754060e-01,9.922794e+01,8.213097e+00,6.205857e-24,5.988878e-04,2.414225e-04
3.636880e-02,6.784754e-02,3.682222e-01,2.263091e+01,4.580157e+01,1.752602e-24,1.493873e-03,8.220010e-05
4.756267e-02,4.583332e-01,1.882385e-01,1.173173e+01,3.278858e+00,1.025836e-24,2.932997e-04,1.047990e-04
4.673655e-01,1.175169e-01,3.948270e-01,5.056421e+01,5.999849e+01,9.161346e-24,7.105333e-04,3.077736e-04
1.375470e-01,2.494632e-01,1.023674e-01,2.041118e+01,1.447604e+01,3.617430e-24,4.896662e-04,2.551363e-04
1.401064e-02,6.425573e-02,9.642747e-01,8.259400e+01,2.596195e+00,3.006718e-24,1.186241e-03,7.526812e-05
3.049447e-02,1.975109e-01,2.780074e-01,5.692825e+01,1.731970e+00,1.349472e-24,4.432730e-04,2.015735e-04
3.105261e-01,7.834221e-02,1.324799e-01,2.473800e+01,3.109687e+01,6.839798e-24,1.966259e-03,5.123191e-05
9.131215e-01,3.628913e-01,6.789692e-01,4.209726e+01,3.658778e+01,4.759534e-24,2.338829e-04,1.546596e-04
8.970250e-02,1.432837e-01,7.204491e-02,1.686854e+01,6.672511e+00,2.244567e-24,1.037452e-03,3.948512e-04
9.296739e-02,4.873432e-01,5.750331e-01,5.220731e+01,1.845572e+00,1.686392e-24,7.853194e-04,4.882772e-04
8.810415e-01,1.068840e-01,6.129719e-02,1.179202e+01,1.065715e+01,6.410165e-24,3.507075e-04,1.241267e-04
2.994919e-01,2.658732e-01,3.131101e-01,8.144685e+01,8.133258e+01,5.151133e-24,1.311092e-03,6.326273e-05
3.161786e-02,5.804592e-02,1.486389e-01,1.994481e+01,4.622488e+00,1.821296e-24,5.855067e-04,1.615459e-04
1.350887e-02,1.889132e-01,9.123873e-02,2.528465e+01,9.752843e+00,1.259137e-24,1.655527e-03,8.119002e-05
1.426580e-01,8.469519e-02,8.561702e-01,5.767286e+01,5.524300e+01,8.431888e-24,3.983638e-04,2.384555e-04
4.842529e-01,3.462844e-01,2.212439e-01,1.680337e+01,2.054790e+01,3.844601e-24,8.735054e-04,3.322802e-04
4.590420e-02,1.559596e-01,4.661913e-01,4.081288e+01,1.187860e+00,2.396825e-24,2.101886e-04,9.803333e-05
3.507571e-02,2.302166e-01,1.632568e-01,6.935596e+01,1.747237e+01,2.320612e-24,1.741255e-03,7.689349e-05
3.571834e-01,5.026128e-02,3.437775e-01,2.806988e+01,3.084216e+00,4.574963e-24,4.372810e-04,2.606455e-04
1.051501e-01,4.219987e-01,8.118750e-02,3.452538e+01,3.757549e+00,6.596508e-24,1.061011e-03,3.039916e-04
1.032947e-02,9.255303e-02,7.613465e-01,1.487903e+01,6.500814e+01,1.396902e-24,2.664516e-04,1.035111e-04
2.309636e-02,2.998861e-01,2.421286e-01,1.072717e+01,3.371139e+01,3.109361e-24,6.465263e-04,4.006658e-04
2.269560e-01,1.350625e-01,1.148666e-01,4.298864e+01,5.838853e+00,3.476553e-24,2.766498e-04,1.569369e-04
6.671876e-01,1.636062e-01,5.362296e-01,2.234189e+01,1.462023e+00,8.834508e-24,1.246537e-03,5.003662e-05
6.795903e-02,7.334954e-02,5.712309e-02,9.706893e+01,2.572065e+01,1.061923e-24,5.333954e-04,1.968703e-04
5.927896e-02,1.747359e-01,3.817172e-01,1.596741e+01,5.378493e+00,3.396802e-24,3.214842e-04,5.660158e-05
5.820229e-01,6.806806e-02,1.778226e-01,3.715095e+01,9.326269e+01,2.823139e-24,7.479193e-04,1.918657e-04
1.977344e-01,3.246561e-01,7.019306e-01,2.608180e+01,1.220641e+01,1.112196e-24,6.203400e-04,4.129717e-04
2.012652e-02,1.259103e-01,7.281107e-02,6.463711e+01,2.149870e+00,9.934689e-24,1.443195e-03,1.406172e-04
1.189389e-02,3.955483e-01,1.251177e-01,7.816297e+01,1.019084e+00,4.389246e-24,3.759901e-04,2.952679e-04
1.210945e-01,9.961761e-02,2.688443e-01,1.801742e+01,1.796892e+01,2.070087e-24,1.503916e-03,1.156517e-04
4.117509e-01,2.129002e-01,5.123056e-02,5.329762e+01,4.836297e+01,1.437304e-24,2.293062e-04,6.789718e-05
4.043931e-02,5.385650e-02,4.943715e-01,1.332357e+01,8.357859e+00,7.283437e-24,9.171977e-04,2.671481e-04
5.315614e-02,3.749271e-01,6.629153e-02,2.146426e+01,5.682096e+01,7.530075e-24,4.587585e-04,3.725948e-04
5.608038e-01,1.454065e-01,6.393140e-01,8.739711e+01,3.222075e+00,1.206666e-24,1.897928e-03,9.471711e-05
1.649999e-01,2.017992e-01,1.342576e-01,1.098791e+01,2.641767e+00,2.649396e-24,2.422672e-04,8.290395e-05
1.562752e-02,7.861077e-02,2.883047e-01,4.851872e+01,1.528881e+01,3.951352e-24,1.002283e-03,2.117051e-04
2.717850e-02,2.458318e-01,9.518577e-01,3.291946e+01,2.947890e+01,5.826645e-24,3.042837e-04,6.202326e-05
2.574816e-01,6.218704e-02,9.867479e-02,1.352843e+01,1.700298e+00,1.645855e-24,6.844244e-04,1.821661e-04
7.582062e-01,4.567471e-01,4.292494e-01,7.162617e+01,6.798216e+00,2.050409e-24,5.084125e-04,4.349607e-04
8.001558e-02,1.150308e-01,1.998420e-01,3.135213e+01,3.859311e+01,5.388930e-24,1.143571e-03,1.283253e-04
8.143559e-02,2.719312e-01,8.463346e-02,1.268088e+01,1.287246e+00,4.144648e-24,6.070476e-04,9.130900e-05
8.593215e-01,6.044625e-02,8.020685e-01,5.600019e+01,2.352834e+01,2.606672e-24,1.460716e-03,3.576517e-04
2.530788e-01,4.680565e-01,1.547487e-01,1.859412e+01,4.922826e+01,1.177939e-24,3.147838e-04,2.215445e-04
2.397178e-02,1.045176e-01,3.302778e-01,7.573988e+01,8.818900e+00,7.959954e-24,7.574526e-04,8.716647e-05
1.774263e-02,3.325221e-01,5.647173e-01,6.207237e+01,4.411612e+00,5.502283e-24,2.180428e-04,1.734651e-04
1.680150e-01,1.524798e-01,5.956260e-02,2.715976e+01,7.929787e+01,1.928435e-24,9.737357e-04,5.879988e-05
4.944064e-01,1.931973e-01,2.325407e-01,3.799548e+01,1.075907e+01,1.563617e-24,3.573588e-04,1.335460e-04
5.215498e-02,8.818814e-02,1.089077e-01,1.561280e+01,1.964336e+00,5.889840e-24,1.595893e-03,4.547287e-04
3.829670e-02,4.053416e-01,3.007083e-01,3.010864e+01,2.507895e+01,9.438244e-24,2.393608e-04,1.833186e-04
3.760839e-01,9.051332e-02,1.409456e-01,7.458254e+01,1.395424e+00,1.124254e-24,1.024230e-03,5.384126e-05
1.278952e-01,2.355038e-01,6.055610e-01,1.383621e+01,6.215026e+00,2.882636e-24,4.529842e-04,1.458452e-04
1.301903e-02,5.234878e-02,6.392159e-02,3.218669e+01,3.403618e+01,3.194860e-24,1.938330e-03,4.302865e-04
1.841265e-02,1.672872e-01,2.096920e-01,4.617588e+01,7.444273e+01,7.110449e-24,4.788930e-04,1.111149e-04
1.873814e-01,7.636115e-02,4.479003e-01,1.154528e+01,4.072222e+00,1.519444e-24,1.202642e-03,2.824716e-04
6.366948e-01,2.879374e-01,9.509944e-02,9.018976e+01,2.789063e+00,2.171306e-24,2.867472e-04,2.805088e-04
6.250647e-02,1.320349e-01,9.019734e-01,2.079922e+01,1.557111e+01,4.318371e-24,7.201070e-04,7.162932e-05
7.174029e-02,3.088695e-01,1.305156e-01,3.990638e+01,7.721237e+00,1.382293e-24,1.391224e-03,2.487547e-04
7.306620e-01,1.219623e-01,2.700759e-01,1.718533e+01,4.218915e+01,6.941482e-24,5.564740e-04,7.306140e-05
2.148254e-01,1.802655e-01,7.066578e-02,6.005681e+01,2.018706e+01,4.862976e-24,8.337573e-04,1.074803e-04
2.110607e-02,7.149681e-02,6.586355e-01,2.428156e+01,1.125742e+00,2.273459e-24,3.334935e-04,3.170935e-04
1.129420e-02,2.197842e-01,4.022835e-01,1.932658e+01,2.250103e+00,1.004294e-24,8.846709e-04,1.509502e-04
1.109296e-01,5.660720e-02,1.941701e-01,8.405389e+01,1.253370e+01,9.052563e-24,2.058147e-04,3.837330e-04
3.266069e-01,3.765921e-01,9.810511e-01,1.238989e+01,9.227539e+01,3.534505e-24,1.675571e-03,2.064840e-04
3.325556e-02,9.656527e-02,1.051305e-01,4.968859e+01,5.058993e+00,2.963509e-24,3.898141e-04,5.272770e-05
4.509074e-02,2.081489e-01,7.234017e-01,9.406172e+01,3.962512e+01,1.851712e-24,1.116368e-03,1.195259e-04
4.273874e-01,8.255605e-02,7.758614e-02,2.305582e+01,7.114666e+00,4.909657e-24,2.511040e-04,4.681679e-04
1.450979e-01,3.566586e-01,3.577165e-01,4.516903e+01,1.599182e+00,6.061892e-24,1.831137e-03,1.692443e-04
1.532011e-02,1.408322e-01,1.728054e-01,1.020910e+01,2.916479e+01,1.727902e-24,4.118765e-04,6.659022e-05
2.785678e-02,4.349046e-01,5.460159e-02,1.454778e+01,1.333616e+01,2.547592e-24,1.273026e-03,2.273213e-04
2.940371e-01,1.115177e-01,5.093421e-01,3.531081e+01,2.440372e+00,3.766301e-24,5.266639e-04,7.705711e-05
9.996538e-01,2.538256e-01,1.216125e-01,2.922863e+01,3.559047e+00,8.343819e-24,6.607059e-04,1.019071e-04
9.472608e-02,6.537458e-02,2.518658e-01,6.660565e+01,6.383060e+01,1.325003e-24,2.733407e-04,3.469912e-04
9.317284e-02,2.531500e-01,8.058094e-01,1.558412e+01,1.151175e+01,4.885960e-24,9.331312e-04,1.998365e-04
9.837115e-01,6.491250e-02,8.399447e-02,3.810739e+01,1.991328e+00,1.856425e-24,2.255480e-04,5.102614e-05
2.895500e-01,4.357585e-01,3.328513e-01,2.732419e+01,4.312979e+00,1.722789e-24,1.528747e-03,1.545859e-04
2.744228e-02,1.122328e-01,1.540021e-01,6.162869e+01,7.614318e+01,6.093866e-24,3.695148e-04,3.929511e-04
1.522276e-02,3.575937e-01,5.915471e-02,7.621994e+01,5.171652e+01,3.780277e-24,1.418962e-03,1.051907e-04
1.442316e-01,1.418290e-01,5.669502e-01,1.845601e+01,9.099521e+00,2.532554e-24,6.308366e-04,3.103684e-04
4.241814e-01,2.077504e-01,1.084590e-01,5.591310e+01,1.281631e+00,1.333435e-24,7.355715e-04,2.564477e-04
4.477294e-02,8.203355e-02,2.341870e-01,1.271464e+01,2.219490e+01,8.309477e-24,3.270175e-04,7.532421e-05
3.285771e-02,3.773709e-01,1.402657e-01,2.086094e+01,2.878621e+00,6.970180e-24,1.162792e-03,9.601915e-05
3.228470e-01,9.719482e-02,3.030513e-01,9.002608e+01,1.636276e+01,1.373555e-24,4.998041e-04,3.269746e-04
1.097292e-01,2.192384e-01,6.343897e-02,1.146290e+01,7.020404e+01,2.286963e-24,6.961209e-04,2.434234e-04
1.117630e-02,5.621676e-02,6.083855e-01,4.645606e+01,4.053317e+00,4.845003e-24,2.992143e-04,8.251900e-05
2.106648e-02,1.798886e-01,4.510712e-01,3.194803e+01,6.298656e+00,9.005072e-24,9.860179e-04,1.584132e-04
2.145054e-01,7.103192e-02,2.088280e-01,1.392409e+01,3.640703e+01,1.007275e-24,2.465071e-04,6.232374e-05
7.284496e-01,3.096476e-01,9.055398e-01,7.478274e+01,2.408800e+01,2.955987e-24,1.865562e-03,1.265637e-04
7.155574e-02,1.228121e-01,9.444817e-02,3.006248e+01,1.364609e+00,3.551650e-24,4.663956e-04,4.957034e-04
6.158504e-02,2.873943e-01,2.713406e-01,4.998947e+01,8.702132e+01,1.131122e-24,2.147423e-04,1.304419e-04
6.268904e-01,1.311863e-01,1.295278e-01,1.230132e+01,5.035508e+00,9.402270e-24,8.550907e-04,4.441862e-04
1.844190e-01,1.677209e-01,6.637798e-01,8.389959e+01,2.322355e+00,3.207540e-24,4.068820e-04,1.791850e-04
1.810819e-02,7.690920e-02,7.032354e-02,1.938348e+01,1.317092e+01,2.864732e-24,1.620179e-03,6.074360e-05
1.292909e-02,2.359419e-01,1.928462e-01,2.424377e+01,1.938940e+01,1.515311e-24,5.729344e-04,2.149589e-04
1.269179e-01,5.268620e-02,4.038619e-01,6.021676e+01,1.100882e+00,7.145613e-24,1.338914e-03,8.457165e-05
3.738912e-01,4.043043e-01,1.047005e-01,1.729424e+01,7.825136e+00,4.296517e-24,3.434652e-04,9.327031e-05
3.804801e-02,8.987058e-02,9.879670e-01,3.961000e+01,4.512790e+01,2.177536e-24,8.026580e-04,3.652987e-04
5.161778e-02,1.936640e-01,7.721041e-02,6.613036e+01,3.479476e+00,2.599216e-24,5.446507e-04,2.618800e-04
4.889874e-01,8.880560e-02,7.290518e-01,2.940601e+01,6.129123e+01,4.165730e-24,1.219583e-03,6.686942e-05
1.661041e-01,3.318609e-01,1.714975e-01,3.541555e+01,1.426912e+01,7.920784e-24,2.827269e-04,1.179616e-04
1.752790e-02,1.514833e-01,3.593917e-01,1.452139e+01,2.473906e+00,1.181153e-24,6.330823e-04,2.998481e-04
2.391347e-02,4.669076e-01,5.129325e-01,1.023652e+01,1.592206e+00,1.940490e-24,2.608790e-04,1.376966e-04
2.522770e-01,1.037865e-01,5.437824e-02,4.509972e+01,2.751191e+01,5.480541e-24,1.084147e-03,4.062707e-04
8.581617e-01,2.724857e-01,2.528541e-01,2.288489e+01,4.162798e+01,5.912387e-24,4.280133e-04,1.959076e-04
8.127141e-02,6.084633e-02,1.207833e-01,9.465904e+01,7.341059e+00,1.554125e-24,1.778716e-03,5.754323e-05
7.980870e-02,4.538415e-01,6.154905e-02,4.087627e+01,2.198460e+01,1.200681e-24,3.834324e-04,7.013977e-05
7.559006e-01,1.148062e-01,5.710070e-01,1.675868e+01,1.204140e+00,7.550318e-24,1.704647e-03,2.759451e-04
2.570968e-01,2.475799e-01,1.496595e-01,5.730987e+01,9.534458e+00,3.940205e-24,2.022740e-04,2.884299e-04
2.712739e-02,6.235238e-02,3.118859e-01,2.547398e+01,5.304340e+01,2.662979e-24,8.992607e-04,1.129684e-04
1.546459e-02,2.030866e-01,8.495360e-01,1.982488e+01,8.544655e+01,1.652192e-24,3.391420e-04,4.218201e-04
1.632165e-01,7.876218e-02,9.168262e-02,8.203357e+01,4.769746e+00,5.791399e-24,8.197441e-04,1.436414e-04
5.543501e-01,3.722893e-01,4.640191e-01,1.181367e+01,1.837585e+00,5.422499e-24,5.660613e-04,5.491422e-05
5.252043e-02,1.450249e-01,2.229308e-01,5.205377e+01,1.005352e+01,2.042262e-24,1.368233e-03,1.861574e-04
4.015376e-02,2.143767e-01,3.424333e-01,9.680949e+01,1.509022e+00,2.834406e-24,2.687169e-04,4.617055e-04
4.086568e-01,5.399016e-02,1.643779e-01,2.237630e+01,2.702925e+01,3.375780e-24,6.718003e-04,1.362265e-04
1.203710e-01,3.929893e-01,7.560162e-01,4.330959e+01,3.179301e+01,9.995170e-24,5.178981e-04,5.790324e-05
1.181825e-02,9.941299e-02,8.152108e-02,1.065942e+01,5.811951e+00,1.107932e-24,1.294760e-03,1.700758e-04
1.982730e-02,3.224063e-01,1.157424e-01,1.498588e+01,3.807978e+00,2.059530e-24,4.190925e-04,8.860807e-05
1.947194e-01,1.255930e-01,2.410003e-01,3.431701e+01,6.953394e+01,4.401664e-24,1.801387e-03,2.262494e-04
5.727435e-01,1.758808e-01,5.740099e-02,2.798696e+01,1.678139e+01,7.263912e-24,2.552890e-04,3.517836e-04
5.830723e-02,6.821135e-02,5.320747e-01,6.948236e+01,3.016002e+00,1.444469e-24,1.097310e-03,8.942276e-05
6.782174e-02,1.624391e-01,1.785581e-01,1.323973e+01,4.561084e+01,4.602278e-24,1.562275e-03,3.402533e-04
6.662844e-01,7.315914e-02,3.790343e-01,5.369665e+01,8.319351e+00,2.312107e-24,3.650948e-04,1.003901e-04
2.262339e-01,3.018288e-01,7.331301e-02,1.804542e+01,1.051845e+00,1.402634e-24,9.529607e-04,7.857203e-05
2.303988e-02,1.353187e-01,6.991672e-01,7.795501e+01,1.888313e+01,6.554603e-24,2.227016e-04,2.307888e-04
1.020450e-02,4.250135e-01,2.667653e-01,6.475570e+01,1.172369e+01,3.467561e-24,7.735406e-04,6.522494e-05
1.039546e-01,9.278957e-02,1.257245e-01,2.600512e+01,2.102321e+00,3.124293e-24,3.080188e-04,1.665463e-04
3.532730e-01,2.287445e-01,4.920758e-01,3.692750e+01,5.450676e+00,1.056403e-24,1.492995e-03,4.779005e-04
3.471487e-02,5.016834e-02,5.162037e-02,1.608245e+01,9.975556e+01,8.861159e-24,5.945006e-04,1.214792e-04
4.560589e-02,3.485650e-01,6.367970e-01,3.158617e+01,6.645990e+00,6.390891e-24,7.045489e-04,5.358186e-05
4.814273e-01,1.562718e-01,6.674854e-02,7.117387e+01,3.705646e+01,1.695205e-24,2.927925e-04,2.108061e-04
1.415661e-01,1.875979e-01,2.862785e-01,1.349226e+01,3.154006e+01,1.812592e-24,1.177656e-03,3.775629e-04
1.341537e-02,8.449042e-02,1.348129e-01,3.297020e+01,1.723602e+00,5.164494e-24,4.894036e-04,1.478761e-04
3.109518e-02,2.641271e-01,9.942561e-02,4.837545e+01,2.630335e+00,8.485808e-24,1.980628e-03,3.218851e-04
2.947584e-01,5.792837e-02,9.474372e-01,1.100792e+01,1.442284e+01,1.253993e-24,4.435030e-04,1.096087e-04
8.674862e-01,4.907713e-01,2.008111e-01,8.802485e+01,5.969509e+01,2.405646e-24,1.046282e-03,7.196370e-05
9.159816e-02,1.071462e-01,4.259301e-01,2.133469e+01,3.324719e+00,3.821789e-24,2.342840e-04,2.439586e-04
8.831808e-02,3.636105e-01,2.049821e-01,7.081924e+01,1.183204e+00,9.218926e-24,3.508957e-04,2.279518e-04
8.996925e-01,1.442251e-01,4.372390e-01,3.058808e+01,2.081884e+01,1.021673e-24,7.910444e-04,7.760608e-05
3.054022e-01,1.970373e-01,9.284414e-02,3.373665e+01,5.601768e+01,3.018540e-24,5.865211e-04,1.025575e-04
3.001131e-02,7.779796e-02,8.816345e-01,1.368411e+01,9.701145e+00,3.595336e-24,1.322228e-03,3.475988e-04
1.390407e-02,2.489639e-01,3.076455e-01,1.086724e+01,4.682197e+00,6.819990e-24,3.976819e-04,1.186445e-04
1.365920e-01,6.383441e-02,1.443694e-01,4.732331e+01,8.099512e+01,1.356479e-24,1.641555e-03,4.667480e-04
4.643142e-01,4.594464e-01,6.203267e-01,2.200322e+01,1.060380e+01,2.233286e-24,2.100796e-04,1.689981e-04
4.728702e-02,1.183423e-01,6.539035e-02,8.837778e+01,1.872073e+00,4.772683e-24,8.671685e-04,6.618506e-05
3.596892e-02,1.706124e-01,5.519830e-01,5.295131e+01,2.562652e+01,3.699862e-24,4.336281e-04,1.500530e-04
3.409516e-01,6.736428e-02,5.815010e-02,1.293710e+01,1.481219e+00,2.500367e-24,1.738367e-03,3.831207e-04
1.002308e-01,3.148568e-01,2.270057e-01,8.048746e+01,5.920611e+00,1.301772e-24,2.645043e-04,2.058869e-04
1.058359e-02,1.248874e-01,1.064615e-01,1.813832e+01,3.354026e+01,8.187745e-24,1.060369e-03,5.233144e-05
2.222138e-02,3.978853e-01,8.657818e-02,2.590488e+01,6.584217e+01,5.000586e-24,2.786913e-04,2.492256e-04
2.345703e-01,1.024856e-01,8.216251e-01,6.277948e+01,3.742556e+00,1.883490e-24,6.469065e-04,7.351728e-05
6.905412e-01,2.156124e-01,1.585077e-01,1.643768e+01,3.069375e+00,1.759740e-24,5.378983e-04,1.082614e-04
6.543958e-02,5.528329e-02,3.378974e-01,3.741084e+01,1.772111e+01,6.167088e-24,1.248585e-03,3.179280e-04
5.625015e-02,2.320994e-01,5.337524e-02,2.248811e+01,8.474741e+00,1.964910e-24,7.458523e-04,1.105810e-04
5.936864e-01,5.182436e-02,4.972175e-01,9.996909e+01,4.811831e+01,5.601239e-24,3.198704e-04,2.823347e-04
2.018670e-01,4.264135e-01,1.187286e-01,1.041732e+01,1.790285e+01,6.001957e-24,1.437488e-03,2.793794e-04
1.912501e-02,9.479188e-02,2.461861e-01,4.270193e+01,1.032483e+00,1.591479e-24,6.164890e-04,7.101277e-05
1.225540e-02,2.921505e-01,7.400913e-01,3.476101e+01,2.139487e+00,2.562578e-24,1.509913e-03,1.834567e-04
1.160779e-01,1.333663e-01,7.947070e-02,1.531923e+01,1.238041e+01,4.069101e-24,3.783320e-04,5.411759e-05
3.943607e-01,1.590260e-01,3.664394e-01,6.737200e+01,9.445756e+01,7.824515e-24,9.197556e-04,1.470734e-04
4.160996e-02,7.291705e-02,1.767758e-01,2.787501e+01,5.357127e+00,1.156677e-24,2.304590e-04,4.318989e-04
5.444756e-02,4.924407e-01,3.932114e-01,1.699475e+01,3.913499e+01,1.493532e-24,1.909652e-03,1.741394e-04
5.347267e-01,1.094697e-01,1.895657e-01,4.183216e+01,6.762061e+00,6.981824e-24,4.605468e-04,5.928677e-05
1.574603e-01,2.680473e-01,9.576985e-01,2.467230e+01,1.693664e+00,4.245490e-24,1.007412e-03,1.342501e-04
1.602971e-02,5.985122e-02,1.027692e-01,5.701699e+01,2.986709e+01,2.131814e-24,2.429554e-04,4.550076e-04
2.617782e-02,1.836243e-01,1.335144e-01,8.235155e+01,1.521254e+01,1.145679e-24,6.809520e-04,9.053569e-05
2.664241e-01,8.419582e-02,2.766615e-01,2.044872e+01,2.679655e+00,9.606636e-24,3.034165e-04,3.561620e-04
7.838777e-01,3.373520e-01,7.238218e-02,5.092829e+01,3.263752e+00,3.255218e-24,1.136570e-03,2.214680e-04
7.696123e-02,1.540011e-01,6.738313e-01,1.166112e+01,5.658421e+01,2.934414e-24,5.064295e-04,8.673556e-05
8.429052e-02,2.070388e-01,2.367328e-01,2.850855e+01,1.954953e+00,2.109621e-24,1.471496e-03,6.149967e-05
8.274203e-01,8.028959e-02,1.121122e-01,6.587553e+01,1.091263e+01,4.467102e-24,6.074047e-04,1.814151e-04
2.434783e-01,3.523761e-01,5.234198e-01,1.471144e+01,8.031811e+01,7.421782e-24,7.638470e-04,4.347996e-04
2.477733e-02,1.372772e-01,5.584493e-02,3.619785e+01,4.394167e+00,1.463062e-24,3.153011e-04,1.276852e-04
1.691227e-02,4.451724e-01,1.669934e-01,4.406892e+01,8.942077e+00,2.774886e-24,9.656013e-04,3.740272e-04
1.721514e-01,1.126216e-01,3.521909e-01,1.009442e+01,4.897667e+01,3.335696e-24,2.176813e-04,9.549878e-05
5.070054e-01,2.615735e-01,8.318216e-02,9.514644e+01,2.344143e+01,9.766044e-24,1.584230e-03,8.334481e-05
4.978399e-02,6.587194e-02,7.786996e-01,2.362831e+01,1.304103e+00,1.092010e-24,3.571425e-04,2.118403e-04
3.672180e-02,3.051610e-01,8.919729e-02,1.203379e+01,1.549261e+01,1.617951e-24,1.022477e-03,2.954983e-04
3.873926e-01,1.188835e-01,8.357167e-01,4.935058e+01,2.829011e+00,5.721023e-24,2.373407e-04,1.162502e-04
1.316298e-01,1.793042e-01,2.159384e-01,1.946122e+01,4.124676e+00,5.296706e-24,1.937324e-03,6.846721e-05
1.246610e-02,6.953394e-02,4.558027e-01,8.652852e+01,7.413122e+01,2.013479e-24,4.496979e-04,2.681371e-04
1.877569e-02,2.264933e-01,5.881391e-01,5.831389e+01,3.451467e+01,1.229538e-24,1.203287e-03,5.632721e-05
1.778634e-01,5.703775e-02,6.280321e-02,2.412300e+01,6.182295e+00,7.664719e-24,4.823841e-04,1.917674e-04
6.048643e-01,3.854839e-01,3.207732e-01,4.017318e+01,1.390003e+00,4.026972e-24,7.213545e-04,4.113275e-04
6.382856e-02,9.752093e-02,1.520407e-01,1.769629e+01,2.541052e+01,2.696498e-24,2.891828e-04,1.394103e-04
7.417059e-02,4.167743e-01,9.306445e-01,9.285908e+01,5.124247e+00,8.587790e-24,5.536508e-04,4.014344e-04
7.027589e-01,9.099745e-02,9.630876e-02,2.094178e+01,9.188765e+01,1.280887e-24,1.387259e-03,1.579233e-04
2.069122e-01,2.416077e-01,4.189946e-01,4.585621e+01,1.247073e+01,2.440724e-24,3.314520e-04,5.039885e-05
2.183948e-02,5.298573e-02,1.953707e-01,1.121505e+01,2.282291e+00,3.911441e-24,8.305051e-04,1.973799e-04
1.077755e-02,1.656513e-01,6.780869e-02,1.424969e+01,1.121388e+00,6.297279e-24,2.070860e-04,7.643301e-05
1.137905e-01,7.460081e-02,6.549611e-01,3.239812e+01,2.045360e+01,1.654948e-24,8.881195e-04,2.602230e-04
3.345594e-01,2.857573e-01,1.375559e-01,2.990881e+01,4.278300e+01,1.789560e-24,3.918087e-04,3.031256e-04
3.170752e-02,1.281222e-01,2.948764e-01,7.242938e+01,7.680438e+00,5.054623e-24,1.680331e-03,1.027360e-04
4.318709e-02,2.789796e-01,1.223184e-01,3.895502e+01,6.465071e+01,3.415809e-24,2.521053e-04,8.059332e-05
4.397519e-01,6.118159e-02,2.624214e-01,1.578578e+01,3.545035e+00,3.050957e-24,1.123322e-03,2.377430e-04
1.495055e-01,4.812591e-01,5.000212e-02,6.138211e+01,2.428673e+00,1.043273e-24,4.130252e-04,3.317878e-04
1.468570e-02,1.050765e-01,4.833543e-01,2.649432e+01,1.352674e+01,8.670205e-24,1.840343e-03,9.743267e-05
2.843748e-02,3.300045e-01,3.904178e-01,1.905837e+01,2.905654e+01,4.658897e-24,5.252084e-04,4.896094e-04
2.794204e-01,1.479612e-01,1.821913e-01,7.660069e+01,1.620152e+00,2.361030e-24,1.266636e-03,1.250078e-04
9.486272e-01,1.913082e-01,7.191108e-01,1.253625e+01,7.213913e+00,1.422687e-24,2.722599e-04,6.366922e-05
9.661927e-02,8.615514e-02,7.447737e-02,5.464312e+01,3.942330e+01,6.710247e-24,6.566045e-04,1.618332e-04
9.842744e-02,3.921886e-01,3.741625e-01,1.143970e+01,9.948001e+00,2.673767e-24,4.222330e-04,2.198883e-04
9.322432e-01,1.005575e-01,1.731171e-01,4.659928e+01,5.441830e+01,3.986586e-24,1.818974e-03,8.645482e-05
2.742659e-01,2.110738e-01,7.511544e-01,2.060930e+01,2.096514e+01,7.596870e-24,2.528208e-04,9.206181e-05
2.893901e-02,5.436738e-02,7.829755e-02,9.101628e+01,1.170466e+00,1.217715e-24,1.089148e-03,3.603439e-04
1.441517e-02,1.730965e-01,1.163511e-01,7.392437e+01,1.885145e+00,2.031736e-24,2.714834e-04,1.321710e-04
1.521409e-01,6.865839e-02,2.512253e-01,3.037531e+01,1.048919e+01,5.341367e-24,6.771913e-04,4.502404e-04
4.479777e-01,3.216167e-01,5.262337e-02,3.190281e+01,8.305394e+01,5.775358e-24,5.137751e-04,1.751966e-04
4.244231e-02,1.269864e-01,5.043505e-01,1.395857e+01,4.548395e+00,1.630913e-24,1.281567e-03,5.941134e-05
3.230309e-02,2.437309e-01,7.131289e-02,2.691891e+01,3.315239e+01,1.102377e-24,3.418639e-04,1.447550e-04
3.287593e-01,6.277928e-02,6.838959e-01,6.262267e+01,5.959078e+00,9.844236e-24,8.281825e-04,4.267739e-04
1.116993e-01,4.528527e-01,1.307525e-01,1.547414e+01,1.438171e+00,3.365957e-24,5.602937e-04,1.848299e-04
1.096684e-02,1.161118e-01,2.824957e-01,3.833252e+01,2.625739e+01,2.798295e-24,1.357340e-03,5.424652e-05
2.143869e-02,3.714292e-01,9.714253e-01,5.548957e+01,1.720685e+01,1.450117e-24,3.871754e-04,2.776208e-04
2.105443e-01,1.466547e-01,1.013205e-01,1.279636e+01,3.145075e+00,7.350449e-24,1.717423e-03,7.092236e-05
7.159527e-01,1.998995e-01,4.012651e-01,7.504890e+01,3.699374e+00,4.429426e-24,2.007692e-04,1.122240e-04
7.288664e-02,7.928959e-02,1.857716e-01,1.876371e+01,6.627170e+01,2.088455e-24,8.905673e-04,2.854089e-04
6.265334e-02,1.871902e-01,6.187590e-01,3.564319e+01,1.002468e+00,6.536447e-24,1.995963e-03,1.066764e-04
6.155091e-01,8.545224e-02,6.555377e-02,1.441139e+01,1.834407e+01,1.384570e-24,4.479425e-04,3.145034e-04
1.811852e-01,3.431450e-01,3.050197e-01,6.723288e+01,4.756062e+01,2.300190e-24,1.035913e-03,2.508045e-04
1.845213e-02,1.573395e-01,1.456039e-01,2.895423e+01,8.529876e+00,4.533418e-24,2.324839e-04,7.361104e-05
1.269880e-02,4.830764e-01,9.313998e-02,2.325400e+01,5.295271e+00,8.915794e-24,7.120266e-04,2.043571e-04
1.293649e-01,1.078640e-01,8.788844e-01,9.325498e+01,9.507625e+01,1.071390e-24,2.952357e-04,5.220704e-05
3.802699e-01,2.635137e-01,2.068767e-01,1.029699e+01,1.202081e+01,3.136950e-24,1.167910e-03,1.524563e-04
3.736772e-02,5.857906e-02,4.332494e-01,4.478145e+01,2.192273e+00,3.508378e-24,4.842639e-04,3.877217e-04
4.887076e-02,2.971770e-01,1.598650e-01,8.477263e+01,3.007724e+01,5.197067e-24,7.799947e-04,1.679784e-04
5.158927e-01,1.362625e-01,3.350169e-01,1.916100e+01,1.675386e+00,1.838049e-24,3.112883e-04,6.604632e-05
1.753793e-01,1.621087e-01,8.679347e-02,5.011328e+01,6.934310e+00,1.701833e-24,1.477313e-03,1.205108e-04
1.661959e-02,7.400244e-02,8.195402e-01,1.228390e+01,3.801731e+01,6.467027e-24,5.895814e-04,4.716897e-04
2.524169e-02,2.281810e-01,2.249368e-01,1.734755e+01,5.802302e+01,3.810668e-24,1.577915e-03,1.008574e-04
2.392710e-01,5.072480e-02,1.074468e-01,3.952983e+01,3.170401e+00,2.374997e-24,3.679212e-04,3.435650e-04
8.122637e-01,4.182904e-01,5.502551e-01,2.451045e+01,2.698438e+00,1.247706e-24,9.456401e-04,2.295893e-04
8.576729e-02,9.339820e-02,5.833471e-02,5.949035e+01,1.504798e+01,8.357668e-24,2.204942e-04,7.785804e-05
7.563313e-02,2.216708e-01,1.395156e-01,4.339388e+01,4.504992e+00,6.117666e-24,9.778582e-04,6.375043e-05
7.985295e-01,5.607907e-02,2.907443e-01,1.062599e+01,7.802699e+01,1.743305e-24,2.439184e-04,1.628585e-04
2.711194e-01,3.798441e-01,6.919155e-02,9.798520e+01,1.098980e+01,1.868142e-24,1.885362e-03,4.843355e-04
2.569543e-02,9.565617e-02,6.419077e-01,2.213108e+01,1.933381e+00,4.954602e-24,4.702874e-04,1.231777e-04
1.631264e-02,3.118111e-01,4.127644e-01,2.830979e+01,1.313382e+00,8.267848e-24,1.151268e-03,3.357724e-04
1.545574e-01,1.209200e-01,1.983083e-01,6.876260e+01,2.318378e+01,1.313305e-24,4.959642e-04,9.899319e-05
5.254944e-01,1.819596e-01,9.113052e-01,1.500625e+01,5.021323e+01,2.525173e-24,7.015104e-04,8.040172e-05
5.546673e-02,7.088720e-02,9.834921e-02,3.422958e+01,8.687228e+00,3.732098e-24,3.022094e-04,2.359765e-04
4.088906e-02,4.386764e-01,7.047706e-01,5.816932e+01,7.329004e+01,4.820054e-24,1.408062e-03,3.063349e-04
4.017594e-01,1.104715e-01,7.599540e-02,2.506769e+01,4.151366e+00,2.252755e-24,6.245839e-04,1.043520e-04
1.181150e-01,2.559950e-01,3.849514e-01,4.116369e+01,2.746673e+00,1.369744e-24,7.429352e-04,7.627280e-05
1.203046e-02,6.476254e-02,1.847890e-01,1.665925e+01,1.587833e+01,6.880380e-24,3.295490e-04,2.586528e-04
1.946115e-02,2.101128e-01,5.106096e-02,1.190307e+01,2.466987e+01,3.566022e-24,9.233306e-04,5.056248e-05
1.981601e-01,8.185482e-02,4.733040e-01,5.171719e+01,1.424547e+00,2.990768e-24,2.236817e-04,1.987978e-04
5.833955e-01,3.600420e-01,1.241589e-01,2.013256e+01,6.111982e+00,1.013489e-24,1.541501e-03,3.967758e-04
5.730699e-02,1.396241e-01,2.585226e-01,8.068326e+01,3.473709e+01,9.132864e-24,3.734369e-04,1.553055e-04
6.659032e-02,3.355886e-01,8.241613e-02,1.340501e+01,2.215884e+00,2.856384e-24,2.588022e-04,4.161571e-04
6.778428e-01,1.511315e-01,7.859822e-01,3.321971e+01,1.278089e+01,3.166661e-24,1.073100e-03,1.417603e-04
2.305307e-01,1.949615e-01,1.664543e-01,3.106627e+01,9.084740e+01,9.355167e-24,4.324196e-04,5.614490e-05
2.263590e-02,8.741319e-02,3.533435e-01,7.227846e+01,5.157358e+00,1.114047e-24,1.792989e-03,1.903995e-04
1.040123e-02,2.743474e-01,5.278565e-01,8.662088e+01,7.593156e+00,2.191279e-24,5.393850e-04,6.861107e-05
1.021032e-01,5.990019e-02,5.537365e-02,2.165465e+01,4.305755e+01,4.356877e-24,1.210512e-03,2.697649e-04
3.469563e-01,4.722227e-01,2.373013e-01,4.808846e+01,1.985794e+01,7.173521e-24,2.848454e-04,2.924023e-04
3.530718e-02,1.035609e-01,1.118372e-01,1.108532e+01,1.149247e+00,1.533357e-24,6.392628e-04,1.144498e-04
4.811530e-02,1.688210e-01,3.218263e-01,1.785850e+01,1.362227e+01,1.188440e-24,5.686725e-04,8.354337e-05
4.558061e-01,7.569260e-02,1.515518e-01,7.885416e+01,2.401936e+00,8.033191e-24,1.325971e-03,2.134261e-04
1.342301e-01,2.905820e-01,5.936334e-01,1.320599e+01,3.634348e+00,4.182588e-24,3.468179e-04,3.695889e-04
1.416446e-02,1.308632e-01,6.222408e-02,5.376966e+01,6.280707e+01,2.629800e-24,8.086736e-04,9.399341e-05
2.949212e-02,4.089647e-01,2.154113e-01,3.681172e+01,4.041829e+01,1.549813e-24,2.125543e-04,4.395338e-04
3.111298e-01,8.968777e-02,4.569024e-01,1.611374e+01,7.008502e+00,5.836214e-24,8.482827e-04,1.295822e-04
9.154756e-01,2.375875e-01,8.844350e-02,6.404603e+01,1.631637e+00,5.452318e-24,4.101475e-04,6.142136e-05
8.669899e-02,5.187419e-02,8.427913e-01,2.632095e+01,2.873742e+01,1.911464e-24,1.636857e-03,1.802731e-04
8.991958e-02,1.765167e-01,1.043724e-01,7.915974e+01,7.667693e+01,1.485390e-24,1.194336e-03,1.927685e-04
8.826758e-01,7.001001e-02,9.911066e-01,1.842049e+01,4.266325e+00,7.459708e-24,4.777209e-04,5.684349e-05
3.002789e-01,3.044961e-01,1.910871e-01,5.260703e+01,2.041965e+00,4.525703e-24,7.283959e-04,1.387638e-04
3.055770e-02,1.202354e-01,4.076030e-01,1.303548e+01,1.118249e+01,2.115332e-24,2.913501e-04,4.073607e-04
1.366698e-02,3.845934e-01,6.654330e-01,1.634075e+01,2.276029e+01,1.079230e-24,1.012059e-03,1.171839e-04
1.391179e-01,9.861690e-02,7.014482e-02,3.767252e+01,1.245028e+00,9.727322e-24,2.354510e-04,2.993878e-04
4.726007e-01,2.229389e-01,2.736663e-01,2.549265e+01,9.163548e+00,3.288804e-24,1.952872e-03,2.658500e-04
4.640567e-02,5.741969e-02,1.284226e-01,6.371863e+01,5.115845e+01,2.758075e-24,4.543270e-04,6.761540e-05
3.407626e-02,3.516582e-01,2.551935e-01,3.364956e+01,3.935586e+00,1.989635e-24,9.579145e-04,9.262932e-05
3.594842e-01,1.388576e-01,1.196802e-01,1.370318e+01,7.193608e+01,5.276448e-24,2.154632e-04,3.642255e-04
1.058946e-01,2.038490e-01,5.145683e-01,7.008325e+01,1.617381e+01,5.641392e-24,1.600539e-03,2.185246e-04
1.002879e-02,8.085057e-02,5.420848e-02,3.094196e+01,2.897475e+00,1.607924e-24,3.600083e-04,8.553921e-05
2.347045e-02,2.574326e-01,1.700321e-01,2.176283e+01,1.348792e+00,2.738033e-24,1.457269e-03,1.764625e-04
2.223365e-01,6.630364e-02,3.624683e-01,8.944804e+01,2.424471e+01,4.046981e-24,6.028870e-04,6.012308e-05
6.540217e-01,4.440821e-01,7.701515e-02,1.083353e+01,3.534863e+01,7.764176e-24,7.695708e-04,1.311945e-04
6.901600e-02,1.138711e-01,7.308751e-01,4.741379e+01,6.453884e+00,1.233039e-24,3.183792e-04,4.450028e-04
5.940157e-02,4.738418e-01,1.106813e-01,2.497109e+01,1.301895e+01,3.856456e-24,5.211739e-04,1.258377e-04
5.628221e-01,1.058094e-01,2.294980e-01,5.639404e+01,2.337504e+00,2.425938e-24,1.254082e-03,4.947940e-04
1.911441e-01,2.784121e-01,6.000282e-02,1.702724e+01,4.889375e+00,1.265896e-24,2.749854e-04,1.608572e-04
2.017519e-02,6.188683e-02,5.589558e-01,4.170242e+01,8.916750e+01,8.553741e-24,6.616874e-04,6.296693e-05
1.160115e-02,1.908369e-01,3.259632e-01,5.099928e+01,4.381635e+01,5.120930e-24,2.494575e-04,2.394516e-04
1.224863e-01,8.711074e-02,1.572510e-01,1.163101e+01,8.017773e+00,1.794404e-24,1.114027e-03,8.158565e-05
4.163377e-01,3.247843e-01,7.939027e-01,8.330426e+01,1.088151e+00,1.680204e-24,4.164712e-04,9.668354e-05
3.945785e-02,1.489317e-01,8.524932e-02,2.023622e+01,1.951537e+01,6.329458e-24,1.859877e-03,3.279379e-04
5.350220e-02,2.410826e-01,8.927823e-01,1.049018e+01,2.536791e+00,8.782710e-24,2.053723e-04,2.526181e-04
5.447871e-01,5.358890e-02,9.580328e-02,4.245013e+01,1.386137e+01,1.046244e-24,8.787927e-04,7.449314e-05
1.602086e-01,4.102936e-01,4.420343e-01,2.282454e+01,6.171926e+01,3.097952e-24,3.959671e-04,1.058888e-04
1.573703e-02,9.161917e-02,2.131046e-01,9.837817e+01,3.441867e+00,3.432782e-24,1.694352e-03,3.108458e-04
2.662723e-02,2.812769e-01,6.438744e-02,6.842007e+01,7.392650e+00,6.616846e-24,5.481638e-04,1.533970e-04
2.616330e-01,1.289806e-01,5.994030e-01,2.741519e+01,4.117985e+01,1.413869e-24,1.376601e-03,3.918995e-04
7.700510e-01,1.652666e-01,1.432232e-01,3.502536e+01,2.821198e+01,2.333069e-24,3.340181e-04,2.030908e-04
7.843125e-02,7.543878e-02,2.967764e-01,1.521961e+01,1.546748e+00,4.641078e-24,8.388183e-04,5.165430e-05
8.269614e-02,3.169651e-01,4.879189e-01,1.978636e+01,5.341945e+01,3.650701e-24,2.810166e-04,7.270638e-05
8.424248e-01,1.229275e-01,5.205718e-02,8.519619e+01,9.429750e+00,3.033525e-24,6.537732e-04,2.477224e-04
2.479108e-01,1.725298e-01,2.661163e-01,1.211155e+01,1.234532e+00,1.034934e-24,5.322487e-04,3.212947e-04
2.436171e-02,6.720866e-02,1.260268e-01,4.897508e+01,2.135861e+01,9.245221e-24,1.238254e-03,1.089800e-04
1.722499e-02,2.180642e-01,7.399760e-02,4.040914e+01,1.030681e+01,4.716184e-24,4.379692e-04,3.786752e-04
1.692161e-01,5.516285e-02,6.927226e-01,1.757200e+01,1.785184e+00,2.224754e-24,1.751825e-03,1.488993e-04
4.975553e-01,4.006094e-01,1.791430e-01,5.925239e+01,4.803434e+00,1.337592e-24,2.624724e-04,5.297581e-05
5.067255e-02,1.008923e-01,3.778184e-01,2.376601e+01,8.450594e+01,6.777693e-24,1.049859e-03,2.073665e-04
3.871788e-02,1.992235e-01,2.012915e-01,1.474840e+01,5.642693e+00,8.091954e-24,4.007610e-04,4.786356e-04
3.670080e-01,7.760741e-02,4.248892e-01,3.614530e+01,3.258283e+01,1.296617e-24,1.657987e-03,1.222854e-04
1.247299e-01,3.659935e-01,1.002681e-01,2.880626e+01,2.672206e+01,2.465207e-24,2.079976e-04,6.450530e-05
1.317051e-02,1.419419e-01,9.394440e-01,6.511703e+01,1.518706e+00,3.677432e-24,8.605060e-04,1.640592e-04
1.779648e-02,4.626566e-01,2.853571e-01,9.618949e+01,2.981856e+00,6.261175e-24,3.546199e-04,7.953929e-05
1.878610e-01,1.165190e-01,1.352528e-01,2.334413e+01,1.688982e+01,1.768725e-24,7.976454e-04,2.345472e-04
6.379219e-01,2.518301e-01,6.309338e-01,4.420319e+01,6.751072e+01,1.908207e-24,5.816673e-04,3.393427e-04
6.045288e-02,6.370436e-02,6.737268e-02,1.007435e+01,3.902681e+00,5.014146e-24,1.308342e-03,9.961798e-05
7.031470e-02,2.698055e-01,4.709973e-01,6.064383e+01,1.866837e+01,1.569320e-24,6.864173e-04,3.527273e-04
7.421302e-01,5.890446e-02,2.196204e-01,2.678478e+01,1.058622e+00,5.964733e-24,3.065399e-04,9.011577e-05
2.182743e-01,4.979027e-01,8.675223e-01,3.887758e+01,8.076856e+00,5.534930e-24,1.124990e-03,8.753058e-05
2.067939e-02,1.092000e-01,8.977664e-02,1.583386e+01,4.674435e+01,1.957403e-24,5.023973e-04,2.226241e-04
1.137257e-02,3.412406e-01,1.475653e-01,1.251805e+01,9.685210e+01,1.171691e-24,1.928293e-03,5.854919e-05
1.077157e-01,1.536879e-01,3.163302e-01,5.478043e+01,5.586380e+00,7.846834e-24,4.639985e-04,1.726540e-04
3.172560e-01,1.849051e-01,6.032186e-02,1.883894e+01,2.078465e+00,4.131762e-24,9.999174e-04,4.609967e-04
3.347450e-02,8.289817e-02,5.826436e-01,7.740057e+01,1.179954e+01,2.575300e-24,2.406067e-04,1.353284e-04
4.399958e-02,4.312033e-01,5.620827e-02,4.553416e+01,1.767120e+00,2.159789e-24,1.521227e-03,5.554248e-05
4.321171e-01,9.457175e-02,5.433465e-01,1.128091e+01,3.064119e+01,4.257002e-24,3.820256e-04,1.892453e-04
1.467755e-01,2.336544e-01,1.140225e-01,9.148484e+01,3.732016e+01,7.088341e-24,9.108631e-04,4.205807e-04
1.494203e-02,5.101180e-02,2.446216e-01,2.127882e+01,6.572944e+00,1.501157e-24,2.287449e-04,1.426542e-04
2.792606e-02,1.601125e-01,7.714321e-01,2.944831e+01,3.348232e+00,2.893150e-24,7.535310e-04,2.889602e-04
2.842178e-01,7.178322e-02,7.989656e-02,7.363940e+01,5.903639e+01,3.235484e-24,3.224372e-04,1.136202e-04
9.667454e-01,2.954763e-01,3.473088e-01,1.414126e+01,1.478660e+01,9.494246e-24,1.426044e-03,6.942327e-05
9.491511e-02,1.330765e-01,1.620759e-01,3.260748e+01,2.555305e+00,1.141142e-24,6.102069e-04,2.717523e-04
